"filename", "language", "JSON", "Markdown", "YAML", "JavaScript", "Python", "pip requirements", "XML", "Vue", "CSS", "SCSS", "HTML", "JSON with Comments", "comment", "blank", "total"
"d:\LLMProjects\Kura-AI\README.md", "Markdown", 0, 152, 0, 0, 0, 0, 0, 0, 0, 0, 0, 0, 0, 84, 236
"d:\LLMProjects\Kura-AI\app\__init__.py", "Python", 0, 0, 0, 0, 59, 0, 0, 0, 0, 0, 0, 0, 0, 11, 70
"d:\LLMProjects\Kura-AI\app\api\__init__.py", "Python", 0, 0, 0, 0, 5, 0, 0, 0, 0, 0, 0, 0, 0, 5, 10
"d:\LLMProjects\Kura-AI\app\api\v1\__init__.py", "Python", 0, 0, 0, 0, 24, 0, 0, 0, 0, 0, 0, 0, 0, 5, 29
"d:\LLMProjects\Kura-AI\app\api\v1\apis\__init__.py", "Python", 0, 0, 0, 0, 5, 0, 0, 0, 0, 0, 0, 0, 0, 4, 9
"d:\LLMProjects\Kura-AI\app\api\v1\apis\apis.py", "Python", 0, 0, 0, 0, 53, 0, 0, 0, 0, 0, 0, 0, 0, 15, 68
"d:\LLMProjects\Kura-AI\app\api\v1\auditlog\__init__.py", "Python", 0, 0, 0, 0, 5, 0, 0, 0, 0, 0, 0, 0, 0, 4, 9
"d:\LLMProjects\Kura-AI\app\api\v1\auditlog\auditlog.py", "Python", 0, 0, 0, 0, 43, 0, 0, 0, 0, 0, 0, 0, 0, 6, 49
"d:\LLMProjects\Kura-AI\app\api\v1\base\__init__.py", "Python", 0, 0, 0, 0, 5, 0, 0, 0, 0, 0, 0, 0, 0, 4, 9
"d:\LLMProjects\Kura-AI\app\api\v1\base\base.py", "Python", 0, 0, 0, 0, 147, 0, 0, 0, 0, 0, 0, 0, 0, 21, 168
"d:\LLMProjects\Kura-AI\app\api\v1\depts\__init__.py", "Python", 0, 0, 0, 0, 5, 0, 0, 0, 0, 0, 0, 0, 0, 4, 9
"d:\LLMProjects\Kura-AI\app\api\v1\depts\depts.py", "Python", 0, 0, 0, 0, 36, 0, 0, 0, 0, 0, 0, 0, 0, 13, 49
"d:\LLMProjects\Kura-AI\app\api\v1\menus\__init__.py", "Python", 0, 0, 0, 0, 5, 0, 0, 0, 0, 0, 0, 0, 0, 4, 9
"d:\LLMProjects\Kura-AI\app\api\v1\menus\menus.py", "Python", 0, 0, 0, 0, 48, 0, 0, 0, 0, 0, 0, 0, 0, 16, 64
"d:\LLMProjects\Kura-AI\app\api\v1\multimodal_kb\__init__.py", "Python", 0, 0, 0, 0, 3, 0, 0, 0, 0, 0, 0, 0, 0, 3, 6
"d:\LLMProjects\Kura-AI\app\api\v1\multimodal_kb\multimodal_kb.py", "Python", 0, 0, 0, 0, 51, 0, 0, 0, 0, 0, 0, 0, 5, 15, 71
"d:\LLMProjects\Kura-AI\app\api\v1\roles\__init__.py", "Python", 0, 0, 0, 0, 5, 0, 0, 0, 0, 0, 0, 0, 0, 4, 9
"d:\LLMProjects\Kura-AI\app\api\v1\roles\roles.py", "Python", 0, 0, 0, 0, 56, 0, 0, 0, 0, 0, 0, 0, 0, 18, 74
"d:\LLMProjects\Kura-AI\app\api\v1\user_agents\__init__.py", "Python", 0, 0, 0, 0, 6, 0, 0, 0, 0, 0, 0, 0, 0, 4, 10
"d:\LLMProjects\Kura-AI\app\api\v1\user_agents\chat.py", "Python", 0, 0, 0, 0, 493, 0, 0, 0, 0, 0, 0, 0, 56, 48, 597
"d:\LLMProjects\Kura-AI\app\api\v1\user_agents\kb.py", "Python", 0, 0, 0, 0, 73, 0, 0, 0, 0, 0, 0, 0, 0, 12, 85
"d:\LLMProjects\Kura-AI\app\api\v1\user_agents\user_agents.py", "Python", 0, 0, 0, 0, 113, 0, 0, 0, 0, 0, 0, 0, 0, 17, 130
"d:\LLMProjects\Kura-AI\app\api\v1\users\__init__.py", "Python", 0, 0, 0, 0, 5, 0, 0, 0, 0, 0, 0, 0, 0, 4, 9
"d:\LLMProjects\Kura-AI\app\api\v1\users\users.py", "Python", 0, 0, 0, 0, 67, 0, 0, 0, 0, 0, 0, 0, 0, 18, 85
"d:\LLMProjects\Kura-AI\app\chat\__init__.py", "Python", 0, 0, 0, 0, 1, 0, 0, 0, 0, 0, 0, 0, 0, 1, 2
"d:\LLMProjects\Kura-AI\app\chat\agent_service.py", "Python", 0, 0, 0, 0, 643, 0, 0, 0, 0, 0, 0, 0, 40, 78, 761
"d:\LLMProjects\Kura-AI\app\chat\attachment_bm25_search.py", "Python", 0, 0, 0, 0, 207, 0, 0, 0, 0, 0, 0, 0, 1, 27, 235
"d:\LLMProjects\Kura-AI\app\chat\attachment_service.py", "Python", 0, 0, 0, 0, 442, 0, 0, 0, 0, 0, 0, 0, 4, 65, 511
"d:\LLMProjects\Kura-AI\app\chat\attachment_tools.py", "Python", 0, 0, 0, 0, 66, 0, 0, 0, 0, 0, 0, 0, 0, 12, 78
"d:\LLMProjects\Kura-AI\app\chat\cache.py", "Python", 0, 0, 0, 0, 82, 0, 0, 0, 0, 0, 0, 0, 0, 18, 100
"d:\LLMProjects\Kura-AI\app\chat\chat_job.py", "Python", 0, 0, 0, 0, 207, 0, 0, 0, 0, 0, 0, 0, 21, 41, 269
"d:\LLMProjects\Kura-AI\app\chat\database.py", "Python", 0, 0, 0, 0, 58, 0, 0, 0, 0, 0, 0, 0, 2, 22, 82
"d:\LLMProjects\Kura-AI\app\chat\db_models.py", "Python", 0, 0, 0, 0, 207, 0, 0, 0, 0, 0, 0, 0, 7, 43, 257
"d:\LLMProjects\Kura-AI\app\chat\memory_archive.py", "Python", 0, 0, 0, 0, 230, 0, 0, 0, 0, 0, 0, 0, 3, 40, 273
"d:\LLMProjects\Kura-AI\app\chat\memory_scope.py", "Python", 0, 0, 0, 0, 7, 0, 0, 0, 0, 0, 0, 0, 0, 3, 10
"d:\LLMProjects\Kura-AI\app\chat\memory_search.py", "Python", 0, 0, 0, 0, 180, 0, 0, 0, 0, 0, 0, 0, 0, 24, 204
"d:\LLMProjects\Kura-AI\app\chat\memory_tool.py", "Python", 0, 0, 0, 0, 75, 0, 0, 0, 0, 0, 0, 0, 3, 12, 90
"d:\LLMProjects\Kura-AI\app\chat\memory_turns.py", "Python", 0, 0, 0, 0, 55, 0, 0, 0, 0, 0, 0, 0, 0, 10, 65
"d:\LLMProjects\Kura-AI\app\chat\message_codec.py", "Python", 0, 0, 0, 0, 147, 0, 0, 0, 0, 0, 0, 0, 1, 19, 167
"d:\LLMProjects\Kura-AI\app\chat\milvus_memory.py", "Python", 0, 0, 0, 0, 181, 0, 0, 0, 0, 0, 0, 0, 0, 29, 210
"d:\LLMProjects\Kura-AI\app\chat\storage.py", "Python", 0, 0, 0, 0, 356, 0, 0, 0, 0, 0, 0, 0, 48, 34, 438
"d:\LLMProjects\Kura-AI\app\chat\tools.py", "Python", 0, 0, 0, 0, 98, 0, 0, 0, 0, 0, 0, 0, 0, 29, 127
"d:\LLMProjects\Kura-AI\app\controllers\__init__.py", "Python", 0, 0, 0, 0, 2, 0, 0, 0, 0, 0, 0, 0, 0, 1, 3
"d:\LLMProjects\Kura-AI\app\controllers\api.py", "Python", 0, 0, 0, 0, 35, 0, 0, 0, 0, 0, 0, 0, 2, 9, 46
"d:\LLMProjects\Kura-AI\app\controllers\dept.py", "Python", 0, 0, 0, 0, 62, 0, 0, 0, 0, 0, 0, 0, 11, 14, 87
"d:\LLMProjects\Kura-AI\app\controllers\menu.py", "Python", 0, 0, 0, 0, 10, 0, 0, 0, 0, 0, 0, 0, 0, 7, 17
"d:\LLMProjects\Kura-AI\app\controllers\role.py", "Python", 0, 0, 0, 0, 19, 0, 0, 0, 0, 0, 0, 0, 0, 9, 28
"d:\LLMProjects\Kura-AI\app\controllers\user.py", "Python", 0, 0, 0, 0, 100, 0, 0, 0, 0, 0, 0, 0, 0, 20, 120
"d:\LLMProjects\Kura-AI\app\controllers\user_agent.py", "Python", 0, 0, 0, 0, 11, 0, 0, 0, 0, 0, 0, 0, 0, 8, 19
"d:\LLMProjects\Kura-AI\app\controllers\user_agent_recent.py", "Python", 0, 0, 0, 0, 43, 0, 0, 0, 0, 0, 0, 0, 0, 12, 55
"d:\LLMProjects\Kura-AI\app\core\bgtask.py", "Python", 0, 0, 0, 0, 24, 0, 0, 0, 0, 0, 0, 0, 0, 8, 32
"d:\LLMProjects\Kura-AI\app\core\crud.py", "Python", 0, 0, 0, 0, 36, 0, 0, 0, 0, 0, 0, 0, 0, 10, 46
"d:\LLMProjects\Kura-AI\app\core\ctx.py", "Python", 0, 0, 0, 0, 4, 0, 0, 0, 0, 0, 0, 0, 0, 3, 7
"d:\LLMProjects\Kura-AI\app\core\dependency.py", "Python", 0, 0, 0, 0, 49, 0, 0, 0, 0, 0, 0, 0, 3, 9, 61
"d:\LLMProjects\Kura-AI\app\core\exceptions.py", "Python", 0, 0, 0, 0, 31, 0, 0, 0, 0, 0, 0, 0, 0, 13, 44
"d:\LLMProjects\Kura-AI\app\core\init_app.py", "Python", 0, 0, 0, 0, 301, 0, 0, 0, 0, 0, 0, 0, 6, 37, 344
"d:\LLMProjects\Kura-AI\app\core\middlewares.py", "Python", 0, 0, 0, 0, 160, 0, 0, 0, 0, 0, 0, 0, 9, 35, 204
"d:\LLMProjects\Kura-AI\app\kb\__init__.py", "Python", 0, 0, 0, 0, 3, 0, 0, 0, 0, 0, 0, 0, 0, 3, 6
"d:\LLMProjects\Kura-AI\app\kb\embedding.py", "Python", 0, 0, 0, 0, 136, 0, 0, 0, 0, 0, 0, 0, 0, 14, 150
"d:\LLMProjects\Kura-AI\app\kb\image_search_tool.py", "Python", 0, 0, 0, 0, 125, 0, 0, 0, 0, 0, 0, 0, 0, 19, 144
"d:\LLMProjects\Kura-AI\app\kb\image_store.py", "Python", 0, 0, 0, 0, 296, 0, 0, 0, 0, 0, 0, 0, 13, 37, 346
"d:\LLMProjects\Kura-AI\app\kb\kb_document_preselect.py", "Python", 0, 0, 0, 0, 127, 0, 0, 0, 0, 0, 0, 0, 3, 23, 153
"d:\LLMProjects\Kura-AI\app\kb\kb_preselect_context.py", "Python", 0, 0, 0, 0, 87, 0, 0, 0, 0, 0, 0, 0, 0, 21, 108
"d:\LLMProjects\Kura-AI\app\kb\kb_scope.py", "Python", 0, 0, 0, 0, 10, 0, 0, 0, 0, 0, 0, 0, 0, 3, 13
"d:\LLMProjects\Kura-AI\app\kb\kb_service.py", "Python", 0, 0, 0, 0, 220, 0, 0, 0, 0, 0, 0, 0, 20, 32, 272
"d:\LLMProjects\Kura-AI\app\kb\kb_tool_formatting.py", "Python", 0, 0, 0, 0, 99, 0, 0, 0, 0, 0, 0, 0, 0, 21, 120
"d:\LLMProjects\Kura-AI\app\kb\milvus_client.py", "Python", 0, 0, 0, 0, 472, 0, 0, 0, 0, 0, 0, 0, 6, 36, 514
"d:\LLMProjects\Kura-AI\app\kb\multimodal_document_loader.py", "Python", 0, 0, 0, 0, 648, 0, 0, 0, 0, 0, 0, 0, 74, 93, 815
"d:\LLMProjects\Kura-AI\app\kb\multimodal_embedding.py", "Python", 0, 0, 0, 0, 275, 0, 0, 0, 0, 0, 0, 0, 25, 56, 356
"d:\LLMProjects\Kura-AI\app\kb\multimodal_milvus_writer.py", "Python", 0, 0, 0, 0, 128, 0, 0, 0, 0, 0, 0, 0, 16, 24, 168
"d:\LLMProjects\Kura-AI\app\kb\parent_chunk_store.py", "Python", 0, 0, 0, 0, 150, 0, 0, 0, 0, 0, 0, 0, 26, 11, 187
"d:\LLMProjects\Kura-AI\app\kb\rag_image_pipeline.py", "Python", 0, 0, 0, 0, 135, 0, 0, 0, 0, 0, 0, 0, 0, 21, 156
"d:\LLMProjects\Kura-AI\app\kb\rag_pipeline.py", "Python", 0, 0, 0, 0, 472, 0, 0, 0, 0, 0, 0, 0, 17, 53, 542
"d:\LLMProjects\Kura-AI\app\kb\rag_utils.py", "Python", 0, 0, 0, 0, 691, 0, 0, 0, 0, 0, 0, 0, 34, 66, 791
"d:\LLMProjects\Kura-AI\app\kb\search_tool.py", "Python", 0, 0, 0, 0, 89, 0, 0, 0, 0, 0, 0, 0, 0, 19, 108
"d:\LLMProjects\Kura-AI\app\log\__init__.py", "Python", 0, 0, 0, 0, 1, 0, 0, 0, 0, 0, 0, 0, 0, 1, 2
"d:\LLMProjects\Kura-AI\app\log\log.py", "Python", 0, 0, 0, 0, 16, 0, 0, 0, 0, 0, 0, 0, 1, 9, 26
"d:\LLMProjects\Kura-AI\app\models\__init__.py", "Python", 0, 0, 0, 0, 3, 0, 0, 0, 0, 0, 0, 0, 1, 1, 5
"d:\LLMProjects\Kura-AI\app\models\admin.py", "Python", 0, 0, 0, 0, 69, 0, 0, 0, 0, 0, 0, 0, 0, 22, 91
"d:\LLMProjects\Kura-AI\app\models\base.py", "Python", 0, 0, 0, 0, 46, 0, 0, 0, 0, 0, 0, 0, 0, 17, 63
"d:\LLMProjects\Kura-AI\app\models\enums.py", "Python", 0, 0, 0, 0, 14, 0, 0, 0, 0, 0, 0, 0, 0, 6, 20
"d:\LLMProjects\Kura-AI\app\models\user_agent.py", "Python", 0, 0, 0, 0, 21, 0, 0, 0, 0, 0, 0, 0, 0, 5, 26
"d:\LLMProjects\Kura-AI\app\models\user_agent_recent.py", "Python", 0, 0, 0, 0, 14, 0, 0, 0, 0, 0, 0, 0, 0, 6, 20
"d:\LLMProjects\Kura-AI\app\schemas\__init__.py", "Python", 0, 0, 0, 0, 1, 0, 0, 0, 0, 0, 0, 0, 0, 1, 2
"d:\LLMProjects\Kura-AI\app\schemas\agent_chat.py", "Python", 0, 0, 0, 0, 126, 0, 0, 0, 0, 0, 0, 0, 0, 25, 151
"d:\LLMProjects\Kura-AI\app\schemas\apis.py", "Python", 0, 0, 0, 0, 10, 0, 0, 0, 0, 0, 0, 0, 0, 8, 18
"d:\LLMProjects\Kura-AI\app\schemas\base.py", "Python", 0, 0, 0, 0, 45, 0, 0, 0, 0, 0, 0, 0, 0, 8, 53
"d:\LLMProjects\Kura-AI\app\schemas\depts.py", "Python", 0, 0, 0, 0, 11, 0, 0, 0, 0, 0, 0, 0, 0, 8, 19
"d:\LLMProjects\Kura-AI\app\schemas\kb.py", "Python", 0, 0, 0, 0, 42, 0, 0, 0, 0, 0, 0, 0, 0, 12, 54
"d:\LLMProjects\Kura-AI\app\schemas\login.py", "Python", 0, 0, 0, 0, 34, 0, 0, 0, 0, 0, 0, 0, 0, 12, 46
"d:\LLMProjects\Kura-AI\app\schemas\menus.py", "Python", 0, 0, 0, 0, 43, 0, 0, 0, 0, 0, 0, 0, 0, 10, 53
"d:\LLMProjects\Kura-AI\app\schemas\roles.py", "Python", 0, 0, 0, 0, 23, 0, 0, 0, 0, 0, 0, 0, 0, 10, 33
"d:\LLMProjects\Kura-AI\app\schemas\user_agent.py", "Python", 0, 0, 0, 0, 45, 0, 0, 0, 0, 0, 0, 0, 0, 10, 55
"d:\LLMProjects\Kura-AI\app\schemas\users.py", "Python", 0, 0, 0, 0, 34, 0, 0, 0, 0, 0, 0, 0, 0, 11, 45
"d:\LLMProjects\Kura-AI\app\services\__init__.py", "Python", 0, 0, 0, 0, 0, 0, 0, 0, 0, 0, 0, 0, 0, 1, 1
"d:\LLMProjects\Kura-AI\app\services\agent_api_key.py", "Python", 0, 0, 0, 0, 38, 0, 0, 0, 0, 0, 0, 0, 0, 12, 50
"d:\LLMProjects\Kura-AI\app\settings\__init__.py", "Python", 0, 0, 0, 0, 2, 0, 0, 0, 0, 0, 0, 0, 0, 2, 4
"d:\LLMProjects\Kura-AI\app\settings\config.py", "Python", 0, 0, 0, 0, 117, 0, 0, 0, 0, 0, 0, 0, 87, 17, 221
"d:\LLMProjects\Kura-AI\app\utils\api_key_crypto.py", "Python", 0, 0, 0, 0, 24, 0, 0, 0, 0, 0, 0, 0, 0, 13, 37
"d:\LLMProjects\Kura-AI\app\utils\auth_rate_limit.py", "Python", 0, 0, 0, 0, 29, 0, 0, 0, 0, 0, 0, 0, 0, 8, 37
"d:\LLMProjects\Kura-AI\app\utils\avatar.py", "Python", 0, 0, 0, 0, 17, 0, 0, 0, 0, 0, 0, 0, 0, 10, 27
"d:\LLMProjects\Kura-AI\app\utils\jwt_utils.py", "Python", 0, 0, 0, 0, 7, 0, 0, 0, 0, 0, 0, 0, 0, 4, 11
"d:\LLMProjects\Kura-AI\app\utils\password.py", "Python", 0, 0, 0, 0, 40, 0, 0, 0, 0, 0, 0, 0, 0, 12, 52
"d:\LLMProjects\Kura-AI\app\utils\user_agent_avatar.py", "Python", 0, 0, 0, 0, 45, 0, 0, 0, 0, 0, 0, 0, 1, 15, 61
"d:\LLMProjects\Kura-AI\deploy\sample-picture\logo.svg", "XML", 0, 0, 0, 0, 0, 0, 1, 0, 0, 0, 0, 0, 0, 1, 2
"d:\LLMProjects\Kura-AI\docker-compose.yml", "YAML", 0, 0, 102, 0, 0, 0, 0, 0, 0, 0, 0, 0, 0, 6, 108
"d:\LLMProjects\Kura-AI\requirements.txt", "pip requirements", 0, 0, 0, 0, 0, 331, 0, 0, 0, 0, 0, 0, 0, 0, 331
"d:\LLMProjects\Kura-AI\run.py", "Python", 0, 0, 0, 0, 10, 0, 0, 0, 0, 0, 0, 0, 0, 3, 13
"d:\LLMProjects\Kura-AI\web\.eslint-global-variables.json", "JSON", 62, 0, 0, 0, 0, 0, 0, 0, 0, 0, 0, 0, 0, 1, 63
"d:\LLMProjects\Kura-AI\web\.prettierrc.json", "JSON", 6, 0, 0, 0, 0, 0, 0, 0, 0, 0, 0, 0, 0, 1, 7
"d:\LLMProjects\Kura-AI\web\README.md", "Markdown", 0, 14, 0, 0, 0, 0, 0, 0, 0, 0, 0, 0, 0, 7, 21
"d:\LLMProjects\Kura-AI\web\build\config\define.js", "JavaScript", 0, 0, 0, 5, 0, 0, 0, 0, 0, 0, 0, 0, 5, 4, 14
"d:\LLMProjects\Kura-AI\web\build\config\index.js", "JavaScript", 0, 0, 0, 1, 0, 0, 0, 0, 0, 0, 0, 0, 0, 1, 2
"d:\LLMProjects\Kura-AI\web\build\constant.js", "JavaScript", 0, 0, 0, 7, 0, 0, 0, 0, 0, 0, 0, 0, 15, 2, 24
"d:\LLMProjects\Kura-AI\web\build\plugin\html.js", "JavaScript", 0, 0, 0, 13, 0, 0, 0, 0, 0, 0, 0, 0, 0, 3, 16
"d:\LLMProjects\Kura-AI\web\build\plugin\index.js", "JavaScript", 0, 0, 0, 22, 0, 0, 0, 0, 0, 0, 0, 0, 6, 8, 36
"d:\LLMProjects\Kura-AI\web\build\plugin\unplugin.js", "JavaScript", 0, 0, 0, 37, 0, 0, 0, 0, 0, 0, 0, 0, 5, 5, 47
"d:\LLMProjects\Kura-AI\web\build\script\build-cname.js", "JavaScript", 0, 0, 0, 14, 0, 0, 0, 0, 0, 0, 0, 0, 0, 2, 16
"d:\LLMProjects\Kura-AI\web\build\script\index.js", "JavaScript", 0, 0, 0, 12, 0, 0, 0, 0, 0, 0, 0, 0, 0, 3, 15
"d:\LLMProjects\Kura-AI\web\build\utils.js", "JavaScript", 0, 0, 0, 50, 0, 0, 0, 0, 0, 0, 0, 0, 12, 9, 71
"d:\LLMProjects\Kura-AI\web\i18n\index.js", "JavaScript", 0, 0, 0, 12, 0, 0, 0, 0, 0, 0, 0, 0, 0, 5, 17
"d:\LLMProjects\Kura-AI\web\i18n\messages\cn.json", "JSON", 199, 0, 0, 0, 0, 0, 0, 0, 0, 0, 0, 0, 0, 1, 200
"d:\LLMProjects\Kura-AI\web\i18n\messages\en.json", "JSON", 199, 0, 0, 0, 0, 0, 0, 0, 0, 0, 0, 0, 0, 1, 200
"d:\LLMProjects\Kura-AI\web\i18n\messages\index.js", "JavaScript", 0, 0, 0, 6, 0, 0, 0, 0, 0, 0, 0, 0, 0, 2, 8
"d:\LLMProjects\Kura-AI\web\index.html", "HTML", 0, 0, 0, 0, 0, 0, 0, 0, 0, 0, 32, 0, 1, 3, 36
"d:\LLMProjects\Kura-AI\web\jsconfig.json", "JSON with Comments", 0, 0, 0, 0, 0, 0, 0, 0, 0, 0, 0, 14, 0, 1, 15
"d:\LLMProjects\Kura-AI\web\package.json", "JSON", 63, 0, 0, 0, 0, 0, 0, 0, 0, 0, 0, 0, 0, 1, 64
"d:\LLMProjects\Kura-AI\web\pnpm-lock.yaml", "YAML", 0, 0, 4332, 0, 0, 0, 0, 0, 0, 0, 0, 0, 0, 1286, 5618
"d:\LLMProjects\Kura-AI\web\public\favicon.svg", "XML", 0, 0, 0, 0, 0, 0, 1, 0, 0, 0, 0, 0, 0, 1, 2
"d:\LLMProjects\Kura-AI\web\public\logo.svg", "XML", 0, 0, 0, 0, 0, 0, 1, 0, 0, 0, 0, 0, 0, 1, 2
"d:\LLMProjects\Kura-AI\web\public\resource\loading.css", "CSS", 0, 0, 0, 0, 0, 0, 0, 0, 82, 0, 0, 0, 0, 10, 92
"d:\LLMProjects\Kura-AI\web\public\resource\loading.js", "JavaScript", 0, 0, 0, 18, 0, 0, 0, 0, 0, 0, 0, 0, 4, 4, 26
"d:\LLMProjects\Kura-AI\web\settings\index.js", "JavaScript", 0, 0, 0, 1, 0, 0, 0, 0, 0, 0, 0, 0, 0, 1, 2
"d:\LLMProjects\Kura-AI\web\settings\theme.json", "JSON", 33, 0, 0, 0, 0, 0, 0, 0, 0, 0, 0, 0, 0, 5, 38
"d:\LLMProjects\Kura-AI\web\src\App.vue", "Vue", 0, 0, 0, 0, 0, 0, 0, 10, 0, 0, 0, 0, 0, 2, 12
"d:\LLMProjects\Kura-AI\web\src\api\index.js", "JavaScript", 0, 0, 0, 93, 0, 0, 0, 0, 0, 0, 0, 0, 15, 2, 110
"d:\LLMProjects\Kura-AI\web\src\assets\js\icons.js", "JavaScript", 0, 0, 0, 230, 0, 0, 0, 0, 0, 0, 0, 0, 0, 1, 231
"d:\LLMProjects\Kura-AI\web\src\assets\svg\agent.svg", "XML", 0, 0, 0, 0, 0, 0, 6, 0, 0, 0, 0, 0, 0, 1, 7
"d:\LLMProjects\Kura-AI\web\src\assets\svg\forbidden.svg", "XML", 0, 0, 0, 0, 0, 0, 1, 0, 0, 0, 0, 0, 0, 0, 1
"d:\LLMProjects\Kura-AI\web\src\assets\svg\front-page.svg", "XML", 0, 0, 0, 0, 0, 0, 1, 0, 0, 0, 0, 0, 0, 1, 2
"d:\LLMProjects\Kura-AI\web\src\assets\svg\logo.svg", "XML", 0, 0, 0, 0, 0, 0, 1, 0, 0, 0, 0, 0, 0, 1, 2
"d:\LLMProjects\Kura-AI\web\src\assets\svg\network-error.svg", "XML", 0, 0, 0, 0, 0, 0, 1, 0, 0, 0, 0, 0, 0, 0, 1
"d:\LLMProjects\Kura-AI\web\src\assets\svg\no-data.svg", "XML", 0, 0, 0, 0, 0, 0, 1, 0, 0, 0, 0, 0, 0, 0, 1
"d:\LLMProjects\Kura-AI\web\src\assets\svg\not-found.svg", "XML", 0, 0, 0, 0, 0, 0, 1, 0, 0, 0, 0, 0, 0, 0, 1
"d:\LLMProjects\Kura-AI\web\src\assets\svg\server-error.svg", "XML", 0, 0, 0, 0, 0, 0, 1, 0, 0, 0, 0, 0, 0, 0, 1
"d:\LLMProjects\Kura-AI\web\src\assets\svg\service-unavailable.svg", "XML", 0, 0, 0, 0, 0, 0, 1, 0, 0, 0, 0, 0, 0, 0, 1
"d:\LLMProjects\Kura-AI\web\src\assets\svg\unauthorized.svg", "XML", 0, 0, 0, 0, 0, 0, 1, 0, 0, 0, 0, 0, 0, 0, 1
"d:\LLMProjects\Kura-AI\web\src\components\common\AppFooter.vue", "Vue", 0, 0, 0, 0, 0, 0, 0, 3, 0, 0, 0, 0, 0, 1, 4
"d:\LLMProjects\Kura-AI\web\src\components\common\AppProvider.vue", "Vue", 0, 0, 0, 0, 0, 0, 0, 60, 0, 0, 0, 0, 1, 7, 68
"d:\LLMProjects\Kura-AI\web\src\components\common\LoadingEmptyWrapper.vue", "Vue", 0, 0, 0, 0, 0, 0, 0, 67, 0, 0, 0, 0, 3, 13, 83
"d:\LLMProjects\Kura-AI\web\src\components\common\ScrollX.vue", "Vue", 0, 0, 0, 0, 0, 0, 0, 133, 0, 0, 0, 0, 8, 20, 161
"d:\LLMProjects\Kura-AI\web\src\components\icon\CustomIcon.vue", "Vue", 0, 0, 0, 0, 0, 0, 0, 19, 0, 0, 0, 0, 2, 2, 23
"d:\LLMProjects\Kura-AI\web\src\components\icon\IconPicker.vue", "Vue", 0, 0, 0, 0, 0, 0, 0, 62, 0, 0, 0, 0, 1, 8, 71
"d:\LLMProjects\Kura-AI\web\src\components\icon\SvgIcon.vue", "Vue", 0, 0, 0, 0, 0, 0, 0, 22, 0, 0, 0, 0, 0, 3, 25
"d:\LLMProjects\Kura-AI\web\src\components\icon\TheIcon.vue", "Vue", 0, 0, 0, 0, 0, 0, 0, 20, 0, 0, 0, 0, 0, 3, 23
"d:\LLMProjects\Kura-AI\web\src\components\page\AppPage.vue", "Vue", 0, 0, 0, 0, 0, 0, 0, 27, 0, 0, 0, 0, 1, 2, 30
"d:\LLMProjects\Kura-AI\web\src\components\page\CommonPage.vue", "Vue", 0, 0, 0, 0, 0, 0, 0, 31, 0, 0, 0, 0, 0, 3, 34
"d:\LLMProjects\Kura-AI\web\src\components\query-bar\QueryBar.vue", "Vue", 0, 0, 0, 0, 0, 0, 0, 25, 0, 0, 0, 0, 0, 2, 27
"d:\LLMProjects\Kura-AI\web\src\components\query-bar\QueryBarItem.vue", "Vue", 0, 0, 0, 0, 0, 0, 0, 32, 0, 0, 0, 0, 0, 3, 35
"d:\LLMProjects\Kura-AI\web\src\components\table\CrudModal.vue", "Vue", 0, 0, 0, 0, 0, 0, 0, 54, 0, 0, 0, 0, 0, 3, 57
"d:\LLMProjects\Kura-AI\web\src\components\table\CrudTable.vue", "Vue", 0, 0, 0, 0, 0, 0, 0, 131, 0, 0, 0, 0, 15, 6, 152
"d:\LLMProjects\Kura-AI\web\src\composables\index.js", "JavaScript", 0, 0, 0, 1, 0, 0, 0, 0, 0, 0, 0, 0, 0, 1, 2
"d:\LLMProjects\Kura-AI\web\src\composables\useCRUD.js", "JavaScript", 0, 0, 0, 90, 0, 0, 0, 0, 0, 0, 0, 0, 5, 10, 105
"d:\LLMProjects\Kura-AI\web\src\directives\index.js", "JavaScript", 0, 0, 0, 4, 0, 0, 0, 0, 0, 0, 0, 0, 1, 2, 7
"d:\LLMProjects\Kura-AI\web\src\directives\permission.js", "JavaScript", 0, 0, 0, 29, 0, 0, 0, 0, 0, 0, 0, 0, 0, 6, 35
"d:\LLMProjects\Kura-AI\web\src\layout\AgentEditorLayout.vue", "Vue", 0, 0, 0, 0, 0, 0, 0, 66, 0, 0, 0, 0, 1, 5, 72
"d:\LLMProjects\Kura-AI\web\src\layout\components\AppMain.vue", "Vue", 0, 0, 0, 0, 0, 0, 0, 21, 0, 0, 0, 0, 0, 3, 24
"d:\LLMProjects\Kura-AI\web\src\layout\components\header\components\AgentChatTitle.vue", "Vue", 0, 0, 0, 0, 0, 0, 0, 490, 0, 0, 0, 0, 1, 68, 559
"d:\LLMProjects\Kura-AI\web\src\layout\components\header\components\FullScreen.vue", "Vue", 0, 0, 0, 0, 0, 0, 0, 12, 0, 0, 0, 0, 0, 3, 15
"d:\LLMProjects\Kura-AI\web\src\layout\components\header\components\MenuCollapse.vue", "Vue", 0, 0, 0, 0, 0, 0, 0, 10, 0, 0, 0, 0, 0, 3, 13
"d:\LLMProjects\Kura-AI\web\src\layout\components\header\components\ThemeMode.vue", "Vue", 0, 0, 0, 0, 0, 0, 0, 16, 0, 0, 0, 0, 0, 3, 19
"d:\LLMProjects\Kura-AI\web\src\layout\components\header\components\UserAvatar.vue", "Vue", 0, 0, 0, 0, 0, 0, 0, 44, 0, 0, 0, 0, 0, 7, 51
"d:\LLMProjects\Kura-AI\web\src\layout\components\header\index.vue", "Vue", 0, 0, 0, 0, 0, 0, 0, 76, 0, 0, 0, 0, 1, 9, 86
"d:\LLMProjects\Kura-AI\web\src\layout\components\sidebar\SidebarAgentBlock.vue", "Vue", 0, 0, 0, 0, 0, 0, 0, 305, 0, 0, 0, 0, 1, 42, 348
"d:\LLMProjects\Kura-AI\web\src\layout\components\sidebar\SidebarRecentConversations.vue", "Vue", 0, 0, 0, 0, 0, 0, 0, 576, 0, 0, 0, 0, 6, 59, 641
"d:\LLMProjects\Kura-AI\web\src\layout\components\sidebar\components\SideLogo.vue", "Vue", 0, 0, 0, 0, 0, 0, 0, 22, 0, 0, 0, 0, 0, 3, 25
"d:\LLMProjects\Kura-AI\web\src\layout\components\sidebar\components\SideMenu.vue", "Vue", 0, 0, 0, 0, 0, 0, 0, 120, 0, 0, 0, 0, 2, 17, 139
"d:\LLMProjects\Kura-AI\web\src\layout\components\sidebar\index.vue", "Vue", 0, 0, 0, 0, 0, 0, 0, 80, 0, 0, 0, 0, 4, 13, 97
"d:\LLMProjects\Kura-AI\web\src\layout\components\tags\ContextMenu.vue", "Vue", 0, 0, 0, 0, 0, 0, 0, 114, 0, 0, 0, 0, 1, 9, 124
"d:\LLMProjects\Kura-AI\web\src\layout\components\tags\index.vue", "Vue", 0, 0, 0, 0, 0, 0, 0, 91, 0, 0, 0, 0, 1, 10, 102
"d:\LLMProjects\Kura-AI\web\src\layout\index.vue", "Vue", 0, 0, 0, 0, 0, 0, 0, 85, 0, 0, 0, 0, 8, 10, 103
"d:\LLMProjects\Kura-AI\web\src\main.js", "JavaScript", 0, 0, 0, 24, 0, 0, 0, 0, 0, 0, 0, 0, 2, 7, 33
"d:\LLMProjects\Kura-AI\web\src\router\guard\auth-guard.js", "JavaScript", 0, 0, 0, 14, 0, 0, 0, 0, 0, 0, 0, 0, 2, 4, 20
"d:\LLMProjects\Kura-AI\web\src\router\guard\index.js", "JavaScript", 0, 0, 0, 8, 0, 0, 0, 0, 0, 0, 0, 0, 0, 2, 10
"d:\LLMProjects\Kura-AI\web\src\router\guard\page-loading-guard.js", "JavaScript", 0, 0, 0, 13, 0, 0, 0, 0, 0, 0, 0, 0, 0, 3, 16
"d:\LLMProjects\Kura-AI\web\src\router\guard\page-title-guard.js", "JavaScript", 0, 0, 0, 11, 0, 0, 0, 0, 0, 0, 0, 0, 0, 2, 13
"d:\LLMProjects\Kura-AI\web\src\router\index.js", "JavaScript", 0, 0, 0, 58, 0, 0, 0, 0, 0, 0, 0, 0, 2, 8, 68
"d:\LLMProjects\Kura-AI\web\src\router\routes\index.js", "JavaScript", 0, 0, 0, 186, 0, 0, 0, 0, 0, 0, 0, 0, 4, 8, 198
"d:\LLMProjects\Kura-AI\web\src\store\index.js", "JavaScript", 0, 0, 0, 5, 0, 0, 0, 0, 0, 0, 0, 0, 0, 3, 8
"d:\LLMProjects\Kura-AI\web\src\store\modules\agent-chat-header\index.js", "JavaScript", 0, 0, 0, 34, 0, 0, 0, 0, 0, 0, 0, 0, 3, 2, 39
"d:\LLMProjects\Kura-AI\web\src\store\modules\agent-sidebar\index.js", "JavaScript", 0, 0, 0, 11, 0, 0, 0, 0, 0, 0, 0, 0, 1, 2, 14
"d:\LLMProjects\Kura-AI\web\src\store\modules\app\index.js", "JavaScript", 0, 0, 0, 54, 0, 0, 0, 0, 0, 0, 0, 0, 3, 4, 61
"d:\LLMProjects\Kura-AI\web\src\store\modules\index.js", "JavaScript", 0, 0, 0, 7, 0, 0, 0, 0, 0, 0, 0, 0, 0, 1, 8
"d:\LLMProjects\Kura-AI\web\src\store\modules\permission\index.js", "JavaScript", 0, 0, 0, 85, 0, 0, 0, 0, 0, 0, 0, 0, 5, 6, 96
"d:\LLMProjects\Kura-AI\web\src\store\modules\recent-agents\index.js", "JavaScript", 0, 0, 0, 37, 0, 0, 0, 0, 0, 0, 0, 0, 3, 2, 42
"d:\LLMProjects\Kura-AI\web\src\store\modules\tags\helpers.js", "JavaScript", 0, 0, 0, 4, 0, 0, 0, 0, 0, 0, 0, 0, 0, 3, 7
"d:\LLMProjects\Kura-AI\web\src\store\modules\tags\index.js", "JavaScript", 0, 0, 0, 69, 0, 0, 0, 0, 0, 0, 0, 0, 0, 2, 71
"d:\LLMProjects\Kura-AI\web\src\store\modules\user\index.js", "JavaScript", 0, 0, 0, 69, 0, 0, 0, 0, 0, 0, 0, 0, 1, 2, 72
"d:\LLMProjects\Kura-AI\web\src\styles\global.scss", "SCSS", 0, 0, 0, 0, 0, 0, 0, 0, 0, 77, 0, 0, 2, 8, 87
"d:\LLMProjects\Kura-AI\web\src\styles\reset.css", "CSS", 0, 0, 0, 0, 0, 0, 0, 0, 30, 0, 0, 0, 0, 6, 36
"d:\LLMProjects\Kura-AI\web\src\utils\agentChatMarkdown.js", "JavaScript", 0, 0, 0, 28, 0, 0, 0, 0, 0, 0, 0, 0, 4, 3, 35
"d:\LLMProjects\Kura-AI\web\src\utils\auth\auth.js", "JavaScript", 0, 0, 0, 15, 0, 0, 0, 0, 0, 0, 0, 0, 0, 3, 18
"d:\LLMProjects\Kura-AI\web\src\utils\auth\index.js", "JavaScript", 0, 0, 0, 2, 0, 0, 0, 0, 0, 0, 0, 0, 0, 1, 3
"d:\LLMProjects\Kura-AI\web\src\utils\auth\token.js", "JavaScript", 0, 0, 0, 11, 0, 0, 0, 0, 0, 0, 0, 0, 15, 6, 32
"d:\LLMProjects\Kura-AI\web\src\utils\common\common.js", "JavaScript", 0, 0, 0, 42, 0, 0, 0, 0, 0, 0, 0, 0, 29, 6, 77
"d:\LLMProjects\Kura-AI\web\src\utils\common\icon.js", "JavaScript", 0, 0, 0, 10, 0, 0, 0, 0, 0, 0, 0, 0, 0, 3, 13
"d:\LLMProjects\Kura-AI\web\src\utils\common\index.js", "JavaScript", 0, 0, 0, 5, 0, 0, 0, 0, 0, 0, 0, 0, 0, 1, 6
"d:\LLMProjects\Kura-AI\web\src\utils\common\is.js", "JavaScript", 0, 0, 0, 80, 0, 0, 0, 0, 0, 0, 0, 0, 12, 28, 120
"d:\LLMProjects\Kura-AI\web\src\utils\common\naiveTools.js", "JavaScript", 0, 0, 0, 59, 0, 0, 0, 0, 0, 0, 0, 0, 8, 13, 80
"d:\LLMProjects\Kura-AI\web\src\utils\common\useResize.js", "JavaScript", 0, 0, 0, 19, 0, 0, 0, 0, 0, 0, 0, 0, 0, 4, 23
"d:\LLMProjects\Kura-AI\web\src\utils\http\helpers.js", "JavaScript", 0, 0, 0, 29, 0, 0, 0, 0, 0, 0, 0, 0, 0, 3, 32
"d:\LLMProjects\Kura-AI\web\src\utils\http\index.js", "JavaScript", 0, 0, 0, 17, 0, 0, 0, 0, 0, 0, 0, 0, 0, 3, 20
"d:\LLMProjects\Kura-AI\web\src\utils\http\interceptors.js", "JavaScript", 0, 0, 0, 48, 0, 0, 0, 0, 0, 0, 0, 0, 4, 8, 60
"d:\LLMProjects\Kura-AI\web\src\utils\index.js", "JavaScript", 0, 0, 0, 4, 0, 0, 0, 0, 0, 0, 0, 0, 0, 1, 5
"d:\LLMProjects\Kura-AI\web\src\utils\storage\index.js", "JavaScript", 0, 0, 0, 16, 0, 0, 0, 0, 0, 0, 0, 0, 0, 6, 22
"d:\LLMProjects\Kura-AI\web\src\utils\storage\storage.js", "JavaScript", 0, 0, 0, 47, 0, 0, 0, 0, 0, 0, 0, 0, 0, 9, 56
"d:\LLMProjects\Kura-AI\web\src\views\agent-chat\ChatAttachmentItem.vue", "Vue", 0, 0, 0, 0, 0, 0, 0, 179, 0, 0, 0, 0, 0, 24, 203
"d:\LLMProjects\Kura-AI\web\src\views\agent-chat\index.vue", "Vue", 0, 0, 0, 0, 0, 0, 0, 2203, 0, 0, 0, 0, 35, 265, 2503
"d:\LLMProjects\Kura-AI\web\src\views\agent-hub\index.vue", "Vue", 0, 0, 0, 0, 0, 0, 0, 327, 0, 0, 0, 0, 0, 38, 365
"d:\LLMProjects\Kura-AI\web\src\views\agents\components\AgentAvatarCropModal.vue", "Vue", 0, 0, 0, 0, 0, 0, 0, 266, 0, 0, 0, 0, 1, 36, 303
"d:\LLMProjects\Kura-AI\web\src\views\agents\components\AgentFormFields.vue", "Vue", 0, 0, 0, 0, 0, 0, 0, 374, 0, 0, 0, 0, 0, 38, 412
"d:\LLMProjects\Kura-AI\web\src\views\agents\composables\agentFormCommon.js", "JavaScript", 0, 0, 0, 44, 0, 0, 0, 0, 0, 0, 0, 0, 1, 6, 51
"d:\LLMProjects\Kura-AI\web\src\views\agents\create\index.vue", "Vue", 0, 0, 0, 0, 0, 0, 0, 304, 0, 0, 0, 0, 3, 27, 334
"d:\LLMProjects\Kura-AI\web\src\views\agents\edit\index.vue", "Vue", 0, 0, 0, 0, 0, 0, 0, 210, 0, 0, 0, 0, 0, 20, 230
"d:\LLMProjects\Kura-AI\web\src\views\agents\knowledge-base\index.vue", "Vue", 0, 0, 0, 0, 0, 0, 0, 182, 0, 0, 0, 0, 0, 13, 195
"d:\LLMProjects\Kura-AI\web\src\views\error-page\401.vue", "Vue", 0, 0, 0, 0, 0, 0, 0, 17, 0, 0, 0, 0, 0, 2, 19
"d:\LLMProjects\Kura-AI\web\src\views\error-page\403.vue", "Vue", 0, 0, 0, 0, 0, 0, 0, 17, 0, 0, 0, 0, 0, 2, 19
"d:\LLMProjects\Kura-AI\web\src\views\error-page\404.vue", "Vue", 0, 0, 0, 0, 0, 0, 0, 17, 0, 0, 0, 0, 0, 2, 19
"d:\LLMProjects\Kura-AI\web\src\views\error-page\500.vue", "Vue", 0, 0, 0, 0, 0, 0, 0, 17, 0, 0, 0, 0, 0, 2, 19
"d:\LLMProjects\Kura-AI\web\src\views\login\index.vue", "Vue", 0, 0, 0, 0, 0, 0, 0, 111, 0, 0, 0, 0, 0, 11, 122
"d:\LLMProjects\Kura-AI\web\src\views\profile\index.vue", "Vue", 0, 0, 0, 0, 0, 0, 0, 234, 0, 0, 0, 0, 2, 8, 244
"d:\LLMProjects\Kura-AI\web\src\views\register\index.vue", "Vue", 0, 0, 0, 0, 0, 0, 0, 121, 0, 0, 0, 0, 0, 9, 130
"d:\LLMProjects\Kura-AI\web\src\views\system\api\index.vue", "Vue", 0, 0, 0, 0, 0, 0, 0, 256, 0, 0, 0, 0, 1, 12, 269
"d:\LLMProjects\Kura-AI\web\src\views\system\auditlog\index.vue", "Vue", 0, 0, 0, 0, 0, 0, 0, 265, 0, 0, 0, 0, 2, 19, 286
"d:\LLMProjects\Kura-AI\web\src\views\system\dept\index.vue", "Vue", 0, 0, 0, 0, 0, 0, 0, 204, 0, 0, 0, 0, 1, 13, 218
"d:\LLMProjects\Kura-AI\web\src\views\system\menu\index.vue", "Vue", 0, 0, 0, 0, 0, 0, 0, 340, 0, 0, 0, 0, 5, 16, 361
"d:\LLMProjects\Kura-AI\web\src\views\system\role\index.vue", "Vue", 0, 0, 0, 0, 0, 0, 0, 340, 0, 0, 0, 0, 3, 20, 363
"d:\LLMProjects\Kura-AI\web\src\views\system\user\index.vue", "Vue", 0, 0, 0, 0, 0, 0, 0, 478, 0, 0, 0, 0, 3, 15, 496
"d:\LLMProjects\Kura-AI\web\src\views\workbench\index.vue", "Vue", 0, 0, 0, 0, 0, 0, 0, 21, 0, 0, 0, 0, 0, 3, 24
"d:\LLMProjects\Kura-AI\web\unocss.config.js", "JavaScript", 0, 0, 0, 59, 0, 0, 0, 0, 0, 0, 0, 0, 0, 2, 61
"d:\LLMProjects\Kura-AI\web\vite.config.js", "JavaScript", 0, 0, 0, 40, 0, 0, 0, 0, 0, 0, 0, 0, 0, 5, 45
"Total", "-", 562, 166, 4434, 1909, 10531, 331, 18, 9307, 112, 77, 32, 14, 829, 4395, 32717